{"cameraMode":{"drawMode":0,"name":"Shaded","section":"Shading Mode"},"sceneLighting":true,"audioPlay":false,"sceneViewState":{"m_AlwaysRefresh":false,"showFog":true,"showSkybox":true,"showFlares":true,"showImageEffects":true,"showParticleSystems":true,"showVisualEffectGraphs":true,"m_FxEnabled":true},"in2DMode":false,"pivot":{"x":30.469999313354493,"y":1.0260000228881837,"z":-25.549999237060548},"rotation":{"x":0.22968870401382447,"y":-0.1437584012746811,"z":0.03424952179193497,"w":0.962237536907196},"size":59.10805892944336,"orthographic":false}